"","x","y","z"
"1",6.0603192838865,80.2985832190868,61.452388458205
"2",7.27546498633312,75.3458674348153,46.2795229180677
"3",5.74655708138493,73.5306611400389,66.2766787093676
"4",9.39292120320669,63.2712415274646,33.3837151300887
"5",7.49426165772304,70.3005359586057,47.6058279426544
"6",5.76929742382298,70.2722148933404,59.2113982146996
"7",7.73114357864273,72.318785606138,48.8771304282412
"8",8.10748705769383,59.9206685850364,29.142099307795
"9",7.86367202748024,63.5582981748989,30.7476738051057
"10",6.54191741926547,77.8249481031674,59.2830466508094
"11",9.26767175267627,60.7658220112379,28.1763169297751
"12",7.58476485461715,68.7954374184104,41.6386703065997
"13",6.06813912918729,69.2396943118829,55.5678930482123
"14",3.67795016923375,79.4843434614676,74.8327864784354
"15",8.68739637721466,66.6540534138926,41.5192680641473
"16",6.93259958647715,71.5714139391665,57.0735041570934
"17",6.97571460535158,69.731427697729,47.3524347593056
"18",8.41575431602795,61.0008736923039,30.4215150939672
"19",8.23183179264713,62.6834788246423,37.0977476326389
"20",7.89085198182626,76.5810065101522,57.827505134052
"21",8.37846605741233,65.1801773968514,31.3488494056682
"22",8.1732044510966,70.4032030436995,41.1875622001268
"23",7.11184747504779,74.692635702526,51.2703878657273
"24",4.01597245620494,86.9890944965638,83.4085160477098
"25",7.92973862184207,69.4602805508919,54.3448992895604
"26",6.9158068907065,67.3273487404834,45.8926624407036
"27",6.76630673994201,68.8967580291533,48.3592227209688
"28",4.79387142415109,83.8300790815794,68.0483411032311
"29",6.28277491733707,69.6354862803207,49.0556222695159
"30",7.62691234029955,71.6025110270564,51.5428891736076
"31",9.03801932729356,61.7137643965164,28.5423862503031
"32",6.84581840898551,71.0232223076834,49.8482442807247
"33",7.58150741733905,66.5156925286645,42.1959976626145
"34",6.91929243912564,71.4022656984152,51.5566014051917
"35",4.93441066475709,83.7710967075788,80.5775038220317
"36",6.37750815505048,76.3049000899628,64.402204939736
"37",6.40856506943448,73.4358831313684,64.4274176071531
"38",6.91102990493322,75.8359024790282,48.8630749030658
"39",8.65003805797582,72.023862704684,41.922814884847
"40",8.14476362268632,67.3954697935954,45.8440670134729
"41",6.75321460561962,74.8690993899526,54.8876762763673
"42",6.61995747979524,74.633044677078,57.8055800782538
"43",8.04544506310711,63.9066079834991,36.0843866341603
"44",7.83499479801049,64.9536762393743,33.3030848752026
"45",5.96686645817572,83.8116160177819,64.1492974123215
"46",5.93875726455682,79.7700820928774,72.6653280007195
"47",7.54687294320525,72.7808353148849,49.0001283609917
"48",8.15279938677312,67.9790960691052,49.3670259997886
"49",6.83148068177466,74.6156315328705,58.9274301863076
"50",8.32166158968132,67.3207777994586,43.5227936026688
"51",7.5971588205506,69.7793597341467,53.2876945895897
"52",6.08196041012384,76.5658476072768,54.7954107196666
"53",7.51167953713664,65.9114215074366,40.9130589636631
"54",5.30595535587881,88.3810669843696,75.5981656700342
"55",9.14953555255155,66.6097049508773,32.1735081157736
"56",9.97059984775879,59.1127687731422,23.2338471025229
"57",6.44916778530024,79.054886342116,53.4776288666786
"58",5.4337980605252,75.7557754138797,57.9181691939049
"59",7.85457944116362,75.4263162652489,53.5965430982498
"60",6.79741809417876,71.2328334111939,53.2118261319573
"61",10.6024266407572,48.3043300111637,15.5080560974807
"62",6.94113999590025,77.6919167979973,56.6481025070977
"63",8.03460904367616,72.3904803562104,45.6792755558756
"64",7.042003238171,68.7347217698812,46.840032731101
"65",5.88509018667639,70.8181393893201,52.5592675242802
"66",7.28318844927151,63.5291358801274,43.1096588675415
"67",4.29256205666344,81.7536976216245,70.5753698583318
"68",9.19833229234433,55.870956521504,26.8616681923653
"69",7.22988000731785,67.8226078956287,45.9623906345345
"70",10.2589175055432,59.6186184673416,26.4229666825038
"71",7.71326429334949,72.5690197148036,53.9944837540284
"72",5.93508035361728,72.9798260780119,56.6395572799357
"73",7.91608953023358,67.841230839163,41.5419114452989
"74",5.59885355253362,78.6243787340312,65.4440100727257
"75",5.11954989964135,86.3975057543839,73.1653900937986
"76",7.43716935327619,66.4171484767867,50.6416380174737
"77",6.33506219017235,68.2425101922687,51.312511046388
"78",7.00165802744744,64.610930203367,48.0779506025872
"79",7.1115119862275,73.7769007962491,54.7328427872136
"80",6.11571858071789,75.2966489117269,65.3808086829472
"81",6.14699690077225,78.5003576144835,61.9292660843071
"82",6.79723207731425,72.2477141421136,42.5493753861438
"83",8.76713049485981,66.5038537226178,40.1049231321435
"84",4.71464979935536,82.0382750992164,69.33046539371
"85",7.89091928144263,68.5304908149038,46.0654603933604
"86",7.49942555682028,67.5104471336597,41.1177500034263
"87",8.59464975591454,70.6694384988474,42.3183020879382
"88",6.54372411454855,72.2020073707027,52.2674800221415
"89",7.55502821487443,72.4469422262722,48.6887628486713
"90",7.40064818615835,71.0559638734871,46.4335805074668
"91",6.18621995351252,82.3812180850986,62.5148973466801
"92",8.81180170897476,67.5976490213965,39.3242703192112
"93",8.74060392354243,63.6868196823808,30.1176948157309
"94",8.0503204742725,67.7621222938406,41.3703484648007
"95",9.38025018181127,61.9777624391012,28.8751272707852
"96",7.83772963834796,60.285697058719,33.5425668645088
"97",5.08511168731295,86.449128830031,82.9949619777432
"98",6.14010187864467,79.6951171033714,56.5170053275303
"99",5.16308107765247,76.2812091444891,65.5905417238231
"100",6.28989904534103,76.3684340553174,55.0824823103874
"101",6.06944998416381,76.6897836777727,55.9783299652026
"102",7.06317380971635,67.2162671169249,46.7175691626141
"103",5.63361752717133,83.4251595459276,79.0090363728514
"104",7.23704315860611,70.0588389456997,54.5620063347717
"105",6.01812303412177,76.6618426952867,62.3042156105838
"106",9.65093090405897,63.0157604215231,27.1493745477044
"107",8.07506121402581,63.7232572666591,46.5181884609469
"108",8.36526134424284,62.1972373047596,34.4329658041839
"109",7.57627803673952,69.500717634923,43.0536283848803
"110",9.52326412077913,64.2112859189323,26.165084092949
"111",6.04639531907653,76.1097408510723,58.5416523034716
"112",6.30753290445915,77.5936506673723,67.7283666129295
"113",9.14842335781249,64.7462269823154,38.3470836166545
"114",6.02395547003445,78.0857293435607,65.1960653078632
"115",6.68892888459705,67.6326608378467,42.6406851402208
"116",6.41078810583702,77.0650631404274,58.9249704927138
"117",6.52001069717724,70.7607554267194,57.5278961564696
"118",6.58133004553516,71.811764260123,52.650100991595
"119",7.74128249690174,68.6154617514539,42.1809536781347
"120",6.73400427659559,66.4725785443963,48.0108799073663
"121",6.24106380682861,74.6375969648001,55.5950920592987
"122",9.01455823775562,62.1823365016047,30.6907120554413
"123",6.6781308871797,70.4134306435273,61.6029095748133
"124",6.73066520493492,70.8589487949207,54.4096625175367
"125",6.84971388817966,77.5831011542871,63.3296752940365
"126",8.06899946057711,62.6883167538471,37.5412000607447
"127",6.88965339381051,71.5798484990459,50.3093862689116
"128",6.94354874279943,62.3379581883244,45.2517720824369
"129",5.97750928186651,73.3932855921097,52.5638695332365
"130",6.51359459163052,71.9404328917582,60.2491981294111
"131",7.09024066065177,77.808340509201,56.4700925415255
"132",6.1166582706105,71.6852946566109,44.0127904489369
"133",7.79724428894886,65.3223046984389,37.8597010953506
"134",4.72240887731982,75.5198460191033,65.2522354127652
"135",7.45983679118465,70.879873502527,56.5375626064268
"136",4.69532526469362,85.8350668923749,77.0424814988637
"137",6.54853580974508,69.0117223206737,45.3337274846418
"138",6.20758014333249,73.4667818207739,56.2813968988557
"139",6.0218578289785,81.377803119476,62.6644188985161
"140",6.91465483322891,69.6041910884497,43.7348484727211
"141",4.12846086147998,86.2282053875852,77.912641354091
"142",8.76487496802784,66.4985142991436,30.2494814026913
"143",4.50254134568199,76.7682509220508,79.9912358657525
"144",6.30470439779142,79.6487344532388,64.2381994066307
"145",5.32611984243573,81.8762167033463,72.7458959578966
"146",5.87377149820983,74.5521039694575,55.577516470067
"147",10.1307498184425,55.8610269077093,25.3899470451972
"148",7.02609342953988,70.3339526094928,52.2919993553502
"149",5.07054920434851,82.9740568431876,68.8668048197795
"150",4.53909169837213,79.5866360857777,71.4602261448225
"151",7.67528065190898,61.8020561172868,36.8271268243763
"152",6.97216025092804,71.5397401526034,56.8257443488745
"153",6.52289743818423,76.9960262862324,58.7269426966276
"154",5.60595677881945,72.939701164052,64.2508366175845
"155",4.76880953478777,79.9730997501676,74.048379857327
"156",5.38721155507648,73.5623804756051,60.4296203243717
"157",8.50004320557087,66.4670520294191,38.7671615460734
"158",6.06809995780477,75.1976016567268,56.407460645206
"159",4.92335972892326,80.1718219801564,68.5630309397376
"160",9.80393593363537,58.2949505925486,18.6915980560663
"161",7.63765056605867,66.6119438895536,41.7261822228279
"162",6.64202934863045,76.9176642631132,57.2479681981232
"163",8.58772457306353,66.0696537838945,37.2587081256365
"164",8.3296339770624,65.933723021455,49.2829602877406
"165",6.07113542765328,62.8627041597036,48.0877225807753
"166",10.3091536968107,53.6609104001018,11.2039281430647
"167",6.61745945478848,76.5817874523916,62.211464125636
"168",4.86325802468079,78.9197073275056,68.4513345830442
"169",6.78340059706867,68.0331264762029,54.7536133153134
"170",7.31130750884852,68.9974793370925,47.6560137977305
"171",10.461967598589,56.6498066218719,25.7670397423409
"172",7.15870355184057,69.3594162120509,48.4969899584786
"173",7.68549820813512,71.2444574705745,45.6464102276607
"174",6.8842705969652,78.5464413650549,67.0398590191893
"175",6.49899873645018,77.9563723654447,54.9969281022679
"176",6.94791095753309,77.1928463057519,59.1528769639678
"177",8.18145940844524,65.9546930562251,36.1421599280793
"178",10.1128675129784,62.9259088040421,32.1334579746807
"179",8.54108865814565,61.9113423464321,35.9697375766817
"180",8.81186259758006,64.1956639892099,33.4199607633501
"181",5.15301486766293,88.1296921552423,75.8539607525218
"182",8.47584335508007,66.0453145401653,42.2208979958223
"183",7.32988720549098,69.4592154741533,43.5497550021206
"184",4.79912495636164,78.4666463319442,66.3619367607573
"185",7.78153411397221,71.9589375516018,49.6827175181564
"186",6.76186809292598,81.3772850753433,65.5690313046394
"187",9.1968809679547,64.8611042755694,27.0166867454973
"188",5.850877000593,75.5514324852522,62.0660662297588
"189",6.35468236910718,82.876405107586,61.4560603104062
"190",5.61083575393384,74.4413360905009,58.819842662951
"191",6.73434405784519,77.5887538217429,64.1667902820188
"192",7.60301766922951,67.9025488107473,48.8936208422318
"193",5.90237774032059,72.3034995586387,57.0174994969311
"194",8.24555975197251,71.8909825070971,41.9304764678041
"195",5.1878758205433,72.0494540182452,62.3513926957571
"196",5.42802338078839,77.0549067234436,71.2480766738479
"197",9.16173656026642,63.4151147323293,36.2310286305034
"198",5.47622880204303,76.3258139171602,65.549241230771
"199",7.61796206847627,62.9761207945701,40.189100218304
"200",6.42838592333662,71.7208516819221,58.8168787377291
"201",7.6141027594764,63.3154459842918,43.9126843361543
"202",9.53330992930607,69.5594148946272,40.1299575558723
"203",9.37988265016295,55.0531508857487,20.3072485202241
"204",6.50363829897585,65.5609730617165,37.2844408506911
"205",3.5721466970613,88.5020073195322,83.3730857326151
"206",10.7464923847512,60.6438080919083,27.1081414983849
"207",8.00059925014824,67.2136502038709,41.4494877749105
"208",7.81199100394555,67.9247540323954,41.3126056779045
"209",6.97990071528114,74.9805698207759,46.939530717867
"210",7.76516263442939,74.5342252840097,48.2909226900744
"211",6.7534362523455,66.6240343929091,44.6242055748762
"212",7.63104196488177,74.6938204470318,49.111493908669
"213",6.39962988403353,75.1855273986565,58.5350132605103
"214",4.94468818367881,78.863873483342,68.2032444473591
"215",8.48175740118232,71.1335469558458,48.7748675326483
"216",9.27961753824932,66.6406245872965,28.9873445293827
"217",6.53688914616158,78.9642533590986,55.3059215371568
"218",5.12006536658846,78.3550979591069,63.3662318383573
"219",7.96336195851674,71.2512419646593,46.3180051805396
"220",6.93293629465903,73.4511573542087,62.4812155591707
"221",4.40017238976274,80.3305122218233,78.8087984679528
"222",7.0031977895204,79.0161409392771,57.4866293457212
"223",6.05454949910778,76.4287092789894,58.0409822781437
"224",6.48854713020939,73.8270739758099,61.4406796414682
"225",5.26514145604622,81.0553205784905,70.9616657664264
"226",9.7047128618762,62.7400866375177,27.5425155700431
"227",6.50330194541317,71.1637065589731,53.496625113602
"228",4.59172988162038,81.4203665731487,78.2109114305472
"229",7.29579015810922,81.2426173227057,59.34103575678
"230",7.39476346960821,70.1305737024341,48.9665229635898
"231",5.52125994938606,76.7298726367344,67.245206786914
"232",2.66661899248068,92.2708453743253,91.7691808937909
"233",6.03927744615233,77.4488132011371,54.1462973843955
"234",7.85576145388073,66.4237498803182,42.0582546361914
"235",6.91041508593609,68.0274484125874,53.3645034066682
"236",6.85273188399215,75.9802780940479,56.0218921465488
"237",7.84123109293017,69.1104556883065,47.5603529905647
"238",5.22031204213079,81.0477407225815,67.7548277202763
"239",8.64516556641136,64.254038515458,32.3584426616334
"240",6.99198395758275,65.4236230837599,47.2121263079784
"241",8.06096600109712,68.0325143887151,41.1878101370232
"242",8.55116160210619,75.3576603914227,50.9713535960043
"243",7.33522062237296,64.812030765304,46.9479928736648
"244",5.68193858070097,73.3330205062052,58.2808003396868
"245",8.744446833951,59.6779976861842,31.358996623482
"246",3.99975258282179,82.5404632217806,81.2247230804078
"247",6.18281388999741,80.7945614319291,70.7188728415089
"248",6.61649393626452,72.9207552319252,53.2509154139378
"249",6.75081844485249,71.9744396836304,51.2880121442584
"250",8.53069586317616,60.722708132907,31.8043522877621
"251",7.20433283965417,71.4437343093861,55.262085902417
"252",7.61075140513575,73.6983000651406,47.6326204476151
"253",6.89551778048064,81.4587920455183,59.3841341686069
"254",6.628503487571,78.7447711509775,59.5852759000038
"255",8.04332620992946,64.3466017775339,33.9444924967691
"256",8.7193425358237,63.1101097151648,32.8147686731845
"257",3.39535567766219,88.8483995103747,85.2749982075848
"258",7.85910933286876,68.5233970035067,44.4673499752608
"259",7.56208661016798,70.8529747578031,50.7652531644024
"260",6.36209841766589,69.3024111958511,58.7696061509524
"261",8.42651921136522,64.5878036851649,40.7004437158867
"262",6.41614422742243,70.6298060995907,48.4640132608326
"263",6.57350400730064,69.9917522723525,58.1429357733531
"264",8.2861146671197,63.9799389226328,40.7773139911865
"265",9.5794409486809,60.0230739272039,27.3841771070098
"266",7.40508235140584,70.3569990218145,53.7078021069188
"267",6.36672398531854,77.0668997367053,62.4008708976503
"268",5.21633005771062,77.0979566745337,65.4000462225151
"269",6.50345053168149,70.5581633959591,50.7115841305598
"270",5.59025601023497,84.1036462663116,74.6987207478489
"271",6.61160112532182,77.529061126066,50.6264276277007
"272",7.59156875233236,72.4211084282938,48.8437115422566
"273",5.72221436196421,83.9110252440048,65.791499636328
"274",10.9737503216423,52.19403093238,4.24481118018122
"275",7.23401751349762,79.2592002738469,58.9796207199646
"276",8.69531090118241,70.1245536919126,41.1363866975263
"277",3.56631403023984,86.962835926951,76.0350852206576
"278",8.11150173579316,70.051324992534,43.3751007968353
"279",5.02563225932266,80.1428367325135,71.6971980758227
"280",8.37970551641371,66.0378747686294,41.7108869340723
"281",7.59719523317793,63.3062848270111,41.4978341918984
"282",6.38870713109534,77.4155308588932,63.3485621332183
"283",8.98638794526591,72.6237418113589,43.4618208823027
"284",5.94815249612962,84.5664818421742,71.2954779053517
"285",6.1290785436392,76.1628631339533,60.0638747289451
"286",5.49839172846187,77.5749219304683,60.9365888259873
"287",5.99773208986991,76.7370496188376,62.7587538234867
"288",8.41777743005962,70.9126029930587,47.5138975331245
"289",7.65055322431774,75.3069823931387,61.1539600537868
"290",8.50773882651557,67.6008213040738,38.2963724986608
"291",6.41482200391948,78.7978269251783,61.7707250362429
"292",7.56455543766197,69.6334748733779,38.3027253679871
"293",7.36624738672974,72.5258992664701,47.5262040692196
"294",4.86061398642619,85.3001041088347,81.1523065103348
"295",9.66764393121318,75.8877187821085,41.5321530124666
"296",7.20167149140051,70.9773036520217,52.2444891375335
"297",8.1483984987368,64.7338167375063,41.6616255645334
"298",8.43270501536347,68.0524117682074,37.0903895240962
"299",6.92415144783659,70.6800932231985,51.1213706734916
"300",6.54127687034954,76.3760250966881,59.5997703604479
"301",8.34051055363827,68.0029513819851,40.0536419719559
"302",5.42905277640806,83.5484575465265,72.226189895118
"303",9.95700607933623,56.3328697480096,18.9318916520169
"304",6.42455184056746,69.4794917922069,47.7437017600795
"305",9.48121795341248,68.3454204192086,38.0492943280762
"306",9.26831904092595,63.8278670354605,38.0619482684719
"307",7.12444860037887,67.8125629687221,47.9168421912462
"308",7.85083137227725,64.3015848692822,39.770221913942
"309",5.46317728069831,75.9378577349572,62.4441097853355
"310",7.48450975453365,72.4238065864133,55.6573791549558
"311",8.56541868753427,63.6292236069632,40.2021210884832
"312",7.1486177303458,76.7729137336723,61.6474700491584
"313",6.31879463626846,75.7001999688726,61.5987558995526
"314",6.01632722132434,76.7182142722799,62.7323497525695
"315",6.94611636606623,72.1534556212301,54.4214569624291
"316",8.60374219101519,64.3947219233321,37.4293769023124
"317",6.27403760454808,74.2331329935619,53.0624718609879
"318",6.81848483300883,77.3519749877107,66.866678590746
"319",5.05878999426874,74.4097839860558,59.5339556093801
"320",7.74146925402228,73.3811980849436,53.483074592555
"321",8.96185228017122,62.7498540925181,27.9968965635118
"322",9.24556151410417,65.9566469217869,31.1534539270494
"323",8.22205409634604,66.8781256794808,37.9322112638655
"324",4.19531681469608,77.8354811242047,67.068268780231
"325",7.72304425618564,70.4954440523688,46.5998614021365
"326",7.6842034049518,66.7095677922559,39.8916330482657
"327",6.46989957125513,78.6179711330542,61.8959267113002
"328",7.25573420642197,67.6661310510526,54.45712045427
"329",5.70394606880964,70.0330951746996,59.4637353109244
"330",8.01884616102348,64.508575345649,32.6479876446847
"331",6.50934847802034,71.6745151984932,56.0386391763893
"332",4.64637672228407,78.1107703960271,70.1776168381263
"333",6.44882386574428,73.2543681608371,63.7799741936457
"334",9.04665239360477,61.4320844411501,33.2194120054
"335",6.49857795290325,72.3627194093486,53.8359833362234
"336",8.09912506331365,68.91546550038,38.3699540093193
"337",8.41987846029668,61.6658997120545,34.7536659630523
"338",7.00659805648956,75.0143184341314,59.7412112131871
"339",6.47151654167523,74.1037104890975,53.1700031222314
"340",6.20545673629974,75.025261971141,55.936813064832
"341",8.1093838383622,59.4175149666311,37.8086959063885
"342",5.40481387677578,77.1758281751506,68.8188461687398
"343",7.3693162653046,68.3001505210557,45.2953905742738
"344",6.56575095015353,77.126177862247,57.3473802778026
"345",3.60266596526808,91.152618183098,87.0519578411288
"346",4.88672431589021,85.3780875974384,80.369336177009
"347",8.37402899318886,62.050534178636,35.4148822092816
"348",6.7130815741972,69.9634581325569,52.432675119285
"349",8.20492482420047,66.8222211946112,47.3232194058975
"350",9.83121169496291,56.4365256687026,25.7579415799643
"351",9.21082177166371,56.7394641374249,30.5535329477398
"352",8.0159027384695,71.1017917102229,52.9038672264565
"353",7.56994402985012,69.9928499928355,45.8920201383581
"354",6.710802360314,75.6143745576564,56.6516239442232
"355",9.3668376923566,57.7203782192648,26.5550076442115
"356",7.89435116397768,67.0607760026467,44.4154499155006
"357",5.23963458869296,74.3564671075357,61.1519951543832
"358",6.76653619766452,69.6161961388013,51.6912750467714
"359",4.12163526959524,84.4303070888392,75.9875982526489
"360",6.70711173083405,69.9115814035329,52.7899723340775
"361",3.11150849508102,83.5801839612221,79.2338513399276
"362",8.97100325079708,58.891313160775,28.1068848903058
"363",6.0466854984518,70.0763709201613,60.4091661485498
"364",6.35503174195872,71.1284812992184,52.9764294685943
"365",6.74602250154706,79.8311068090684,58.3113063606982
"366",7.91832726098369,65.7041605701693,43.454178030494
"367",8.01751026583405,63.47728443416,26.4093211438721
"368",7.85192795870751,62.9702663796965,39.1185695571062
"369",6.14118609411081,74.8326808764062,59.9537872095721
"370",4.95506311558249,78.6037198879549,78.2061092234359
"371",6.41691663349315,75.3406107450189,56.0125112432193
"372",7.41687119867581,69.2016894543689,43.908447966614
"373",5.76537831764196,80.4091571795689,75.7239969043425
"374",6.8967385982823,75.2934100920214,57.2786905119679
"375",5.2485065108053,83.2302523624129,71.9642559796233
"376",6.98753647867659,73.0238623268072,55.1344887791382
"377",7.19328310239611,75.6843182387008,52.9283658285895
"378",6.7811865573085,72.5690429158665,48.8189803601539
"379",6.7541335648959,76.7151659562179,61.028313414959
"380",9.64532800417738,60.7867610286139,27.9161564852734
"381",8.14387976862748,64.6984428662797,38.5833736484387
"382",8.66714662109595,60.4510091499156,26.85237700365
"383",5.61518957075525,74.7035897504815,58.4451755259301
"384",7.24651275764193,68.0192305780665,48.7161898195021
"385",8.73223778064591,67.375358982003,34.9076492303394
"386",6.91521786321027,72.1307306914351,54.5527877539639
"387",3.80595902764802,82.254815195026,83.1936339404591
"388",7.51726864314918,66.3375811653603,47.5403572636448
"389",4.14256683162171,89.4804761755823,78.4526468078746
"390",5.78324477028967,75.9200237478229,62.5116270470541
"391",8.9860064819494,59.0607603858168,29.170389505972
"392",7.92345527395401,66.5861415586419,45.5887128621264
"393",8.63750343330304,65.8231840126587,39.1685327966645
"394",7.45990729227045,73.4925351857601,45.9592785555357
"395",6.83476185627571,72.3212226624216,51.7939758541138
"396",5.61353084030907,77.9932887948127,69.4343884643729
"397",9.38937063057879,58.2847737062889,30.0768402480474
"398",7.06751589718282,74.9156276653524,61.9004318171985
"399",5.92730739899818,76.6903839086391,58.1309162743697
"400",8.29783464957571,69.7565004144604,40.5843470855338
"401",8.61166143741685,71.7408795879977,42.1852567087777
"402",9.84348216129787,61.341755242262,31.1057597483287
"403",6.09550404459236,74.4877974550576,59.4188512673812
"404",6.41369826891529,71.2760118100385,60.1392953763957
"405",6.37566695270471,72.1917152282087,57.553575196105
"406",6.43651386576941,70.5945211769193,53.9817556837766
"407",6.45005358144646,75.6794295193637,65.7478485447429
"408",6.55648382094867,67.9033272629986,52.194499360309
"409",9.1627306152998,56.3676296251685,28.3214735963589
"410",5.95369256213044,73.5157025357924,58.8592798684601
"411",6.41774874111796,78.6661210614564,60.9171967531871
"412",7.97880467825728,68.5761078526996,40.797944256607
"413",8.68715866980269,63.2743677417768,29.7112535019307
"414",5.84183379546411,79.3110175538016,64.2104532931799
"415",6.23787067579257,73.64260188349,57.5625236233666
"416",7.78543088574703,68.3983548534876,51.7817117585486
"417",8.52663133980695,66.1854224079775,43.2659133664351
"418",6.62325311786803,77.8620859787398,58.3205758096994
"419",4.85500982891709,85.7502356381946,80.210365013207
"420",9.56368154815132,66.8753189837909,29.7155543945701
"421",9.15260435846744,67.3058070393089,37.0220109920879
"422",5.93444328122518,77.5801060088157,64.7949316016781
"423",6.90239863951662,79.9089483128675,53.607401667428
"424",4.3607968969511,90.728408536401,88.6952471748223
"425",7.85458445772865,73.895967659566,46.8718448807925
"426",9.41852019730268,61.447244635843,22.112817762644
"427",4.54407902934293,77.6634941564231,64.9723048061518
"428",5.83064723019738,77.449210210047,55.4129532328395
"429",6.03823459937415,73.6261165949864,56.7867969364973
"430",5.97830290964327,77.1867519208324,65.5984536174513
"431",3.95007160657308,81.9976599533639,75.0010668230335
"432",7.75144533887186,72.6792582168865,44.0147623871317
"433",4.70230279005139,89.9486128092843,80.1027630000332
"434",6.9625035410826,76.0059649959995,56.2181453508096
"435",7.88947708153794,71.4093655789389,47.9482180960301
"436",6.70270686777304,73.3385987887457,56.6153361036792
"437",8.33801258871029,75.3712843900978,47.7011496963636
"438",6.96142739362277,71.8359496114791,51.7230790651671
"439",6.0285093241215,81.3911428188084,70.7407942345965
"440",7.96953912255196,74.423110216955,55.8984160454563
"441",6.34925088995562,75.2445043538093,55.1868045952863
"442",9.65891677746775,48.3514525985173,17.0217153196998
"443",6.97261043325549,70.7898363177232,51.0010920595239
"444",8.2792224904008,68.7114693410472,47.5991496308626
"445",7.30774435486604,65.5526075507983,47.7348087217053
"446",2.48792710161928,84.883597838142,91.7488269077449
"447",4.95083210300652,83.8221905146488,72.8669475458842
"448",6.36384660978278,63.360767580024,50.7204970313282
"449",7.35520549561834,71.5134203028079,52.5739572663379
"450",3.48591531946156,84.9801949675571,77.4729885162208
"451",8.44254495007107,63.5956399796472,32.654572291536
"452",6.09336139921834,75.879937575409,65.9075593605168
"453",5.87068408095563,76.7351710324374,60.5375392471882
"454",4.66658261118363,82.321706849012,79.2515782805766
"455",4.81915939299841,81.2195046196294,74.759446504345
"456",7.08449775408162,69.5209821852431,44.8145299858545
"457",7.76405411001084,69.9777139255005,44.0014976628008
"458",3.85317556032355,90.138133230536,80.6827028435802
"459",5.493457030826,80.6948536618947,68.9885024494102
"460",7.80365758337889,74.7735674748072,36.5969357131332
"461",6.32044437302512,73.6187008941247,61.862069433864
"462",10.2480527527259,61.3400923625794,26.2633638793973
"463",8.86862000912216,66.5389540686387,40.4549375325509
"464",7.89324705110439,65.4540210676814,40.0984233620645
"465",7.00732667430728,68.7031829609554,54.4058729624418
"466",7.41904117308289,77.8049700319163,56.4682006649922
"467",5.94114081209856,72.9264245754207,54.2943707542373
"468",7.94202572943588,72.0347478565936,47.0114145122385
"469",9.22032094012856,62.054026835243,34.555389172902
"470",8.62514486512493,61.1030918127139,27.1929483444661
"471",5.78013361500386,70.7425953676901,56.5560189113843
"472",4.57168472616462,76.8880216568058,65.8450235894662
"473",6.83551645076764,64.8578331054922,39.4984929191094
"474",7.66133405637547,65.8185036559709,50.8966343162651
"475",9.0264909697129,67.7876600619548,38.3245896089121
"476",5.02208577319966,77.5877716438595,69.5337374000464
"477",7.54657688891117,76.7607619704035,54.5294564111636
"478",7.35024975263278,69.908299716856,41.832059791263
"479",8.79093289188858,61.0842983054494,32.4217968868895
"480",6.95813504180563,71.0290851936053,56.6291977300043
"481",6.46405171824362,71.7877207203577,59.9690603669675
"482",5.27977879582245,77.1051591125945,63.6379398155065
"483",6.22386927460957,75.3445091954387,65.2884712576877
"484",6.45681434113259,74.5016744309305,63.2141056407196
"485",10.5258314886837,60.9302641400141,26.5594145762696
"486",10.6697970635499,59.4794637094136,27.793072554623
"487",6.74994508077359,76.1068102630356,61.4169596523716
"488",5.43449884140717,78.7906912930691,68.7268216705858
"489",4.04059759888799,80.6101484052851,67.6274163934665
"490",7.77200745015704,70.7093705425182,49.6025743217157
"491",5.36413962439771,80.1940073297417,68.6786348793393
"492",10.4269889883165,56.6775878502859,16.192644431277
"493",5.67157364101306,75.7613523260381,61.802735875371
"494",7.16665964461858,75.7141124128868,50.8959600592921
"495",12.715415021066,54.5002600879485,10.7895855161696
"496",5.33663500308512,79.1110821743621,66.7405660009777
"497",7.46134993663218,68.5855417723448,40.9429521669079
"498",5.33965829166226,85.2507982061412,74.1187496272669
"499",7.52148047323294,64.9392876719698,37.1662410816132
"500",5.69010319740693,73.591883727254,54.8114189630264
"501",7.11595468410539,74.9363551511542,47.1346475079337
"502",6.55469703676507,70.0799598725427,49.594311962258
"503",5.225136639351,82.6737783003608,69.6546628987743
"504",7.01693903263585,68.1682049182091,52.1931780696075
"505",8.48740155408905,68.20620216005,38.3796441145887
"506",9.39095118085561,61.7082976841562,34.3929392890013
"507",4.94093309360625,83.8033380054355,68.7657650154056
"508",6.62558360043652,78.8144984191936,56.983557770189
"509",8.73913679028333,64.6295883380408,31.6359238853881
"510",5.3286664782346,81.1455925299509,63.6977941575815
"511",3.20724896672442,79.9719145517575,76.5807410626951
"512",5.59614616223003,76.5645947845078,63.1223268258492
"513",5.54914081309665,72.9628692400997,57.3356816993157
"514",7.07123288849169,72.5329774562367,52.1900140431449
"515",6.39439480975295,74.3664443429406,61.343915655857
"516",7.34724419236695,69.6702198712566,51.7480364645283
"517",6.36644138810988,73.7809598306087,50.1139476407347
"518",7.56117759204295,73.5604219071902,51.9281290873448
"519",6.45099133750448,73.5799755060881,51.7290112632558
"520",8.78515216978159,72.2763693398811,42.6494328902097
"521",5.89400871211416,68.8072957339854,54.4778713812454
"522",7.4359999681589,71.6931989349662,46.8460533822753
"523",5.67272564757332,85.7672371945455,69.1408616883974
"524",7.31200971830625,66.2089651794024,45.1364260618024
"525",6.92840474128221,69.1013570917338,49.7207496060026
"526",4.47321903079211,80.5168460762285,66.2453408567358
"527",6.78366016507157,73.232255505896,50.5716081586995
"528",8.77032049825397,63.963941710443,40.3069564118374
"529",8.02209988479926,66.0637510060054,38.5933169748573
"530",7.21487144633133,78.8458766440731,59.9926913265221
"531",5.21152533443063,79.642117921568,67.8047173450056
"532",8.75384297918363,69.3528303892906,37.8311137437826
"533",7.11880256341806,59.6357598445381,39.3725416054711
"534",6.32233937084698,79.2245987204732,63.2854891940654
"535",9.46304231920116,67.3958312392499,38.3028065585347
"536",5.84561151760072,74.6871220373369,59.610260973135
"537",7.45504144113677,69.2803982488376,43.5954734356203
"538",8.92260613177527,70.9806367164164,36.1809067983967
"539",7.90333419275564,68.5515373582438,33.8562226111947
"540",6.53946660319475,77.9948329694266,62.4425319999298
"541",6.37237284486604,76.8610803539048,60.0930787919767
"542",7.53270329506913,69.235988511141,50.7601959721988
"543",7.77022167189934,67.7507716528363,41.8740438495641
"544",7.02791110049311,66.2087597446707,48.6610521417106
"545",8.97767345838502,55.536034065626,27.5905419389197
"546",6.90125200024277,72.3049915794185,47.9707255284875
"547",5.94955588252344,77.280860284406,62.5212000683647
"548",7.80598919728201,66.7641656147478,49.0816586722454
"549",3.69732651646912,87.7339234955944,80.2743938884887
"550",7.58796061569762,71.5464183708757,48.8467055144688
"551",7.74544142863558,67.6555980391519,46.5580489763411
"552",6.66268792685515,73.547654530668,54.3017830750743
"553",5.32428525200217,83.8839117554317,75.2452001981904
"554",6.40750809502918,75.6284644397165,60.7552355836464
"555",9.32474551335446,65.9073079613915,30.9429440673817
"556",5.884728280302,78.4053224637218,64.5209285199994
"557",3.50243182340564,92.8925169329808,89.2426736013513
"558",8.21836816331382,67.5362587897479,43.3111576318589
"559",6.24803401419797,71.0485156434508,50.382655202126
"560",6.23367015107146,73.2235545597186,56.6239160362079
"561",5.17695393826748,80.2428302148164,69.5590114809009
"562",6.96616205747917,71.0577627133997,52.4704686724401
"563",8.05185895064456,67.1143479187952,42.5706031243067
"564",6.1187769616153,78.1843680466052,58.3513590073986
"565",6.08990808787182,72.5381639876913,53.1940854545225
"566",8.64496032250044,57.7431141858813,27.2729665301662
"567",6.62873548437956,81.5623882210153,58.2871161604556
"568",6.76014743001513,74.7002523394155,63.846066252639
"569",6.06133262389739,79.9553448330298,64.933420635139
"570",8.35065195340036,65.348932823797,36.9872969534801
"571",5.50870955610066,78.3396322448155,65.0130214338957
"572",8.27387557882054,58.2917466823716,30.3494816748971
"573",8.20855343346465,68.5977585502473,42.1944489465201
"574",6.29859859601317,76.6770648612652,59.4108243044585
"575",8.27263047058502,63.2827227781546,34.3903854835972
"576",8.48015479539403,63.9619811563169,35.074471236928
"577",7.86343043277904,73.9205851363044,46.6730654746478
"578",10.0372630681273,61.7286839539849,23.2892171066159
"579",4.05647021316244,82.7616987963485,79.8303565058944
"580",5.25261860404362,80.4659404451392,67.0743536837855
"581",4.93522117940375,74.8722865205819,71.0767460470899
"582",7.25151990170465,75.6816620956638,54.9282468423602
"583",9.37694361873957,54.8572801453365,26.4830230643216
"584",9.51683342946437,57.9151030396465,23.4210777135625
"585",7.73244504759243,71.7769698642667,39.1430199623018
"586",8.31800989384049,71.3372474015061,44.8096730016938
"587",6.78268768895518,65.9382095739261,51.5534414477213
"588",7.70345764011131,71.591404865899,47.7724960193213
"589",7.56435321569423,71.1091883935211,46.5125626949734
"590",5.85843958741528,76.425117614076,63.1732332307677
"591",6.5600575993737,71.2551095233223,53.5081886378407
"592",6.79773810338872,69.3851627474608,46.5409341663607
"593",9.09076872425953,64.2440364708571,40.4194233444112
"594",5.44451696545256,83.0474229135743,69.924574404322
"595",3.82849727829451,78.7316993540113,68.5149132214131
"596",8.1524173273066,63.1888341984986,32.0844133911635
"597",5.77575906886977,83.4484601921553,71.6877801098996
"598",6.34583961525914,69.7873048141503,58.6311513015275
"599",8.35705754692421,56.0671494738921,33.7883729700837
"600",5.85537060317752,76.648370651894,62.3260802576746
"601",6.48839953054329,75.4231779872999,61.7425275424679
"602",9.25363680135188,63.036332143921,34.919568899099
"603",7.7924615684746,65.3363531933458,41.7218131033063
"604",7.81328703319646,70.118053004579,46.182821721014
"605",6.79498996642319,72.1104891171774,59.3469687043666
"606",5.2948992200459,82.5061361381788,61.4121278710936
"607",4.75505926846631,82.1835405349729,74.0775613321668
"608",6.66492153466511,76.1138608721788,56.1767464732461
"609",10.0025788416593,61.2915722584778,19.2953032664014
"610",7.33255572432043,72.3019811936338,47.8638300862896
"611",7.24655936386958,74.0531315680857,52.2616700260463
"612",7.49893541327501,60.8556442650983,36.528015321194
"613",6.42218800136285,76.3826010409024,63.207648146617
"614",4.90186896016316,75.003579126203,68.243136219138
"615",11.0136111937777,57.3981946603624,12.8877211982127
"616",6.36447086697703,79.801126790725,65.1451195276121
"617",6.5520977321004,71.9983854279672,57.3586086812362
"618",4.31148740972054,79.5213924880808,68.1951997339886
"619",6.62798766239785,73.1429753542503,54.0139684898255
"620",6.62904412243809,79.825520600331,68.2965877136899
"621",6.61673443221048,73.9372920639048,57.8657794834901
"622",4.31959284986115,83.3166774471673,80.358926665913
"623",9.67699422403714,59.1062844312753,32.7461919485548
"624",9.64537952161882,59.3077795644682,26.5890301865461
"625",8.03440033290114,67.3029124304272,43.1947786416661
"626",5.34888903336412,72.2467982087441,64.8225061577262
"627",8.07176403534672,72.6493605213638,47.3280157478793
"628",6.63029452459897,72.1370025082757,55.5224108605821
"629",6.52032075110919,65.9147069683237,46.1812118197302
"630",9.04396643943205,63.7543006313183,30.2442776763051
"631",5.15817611502598,78.4034279565216,67.4259275310473
"632",6.23317115087429,67.8993578008127,49.4822635036205
"633",5.90320750140256,84.5859360392978,73.217462528551
"634",7.02962801031519,67.4126175126957,44.6742104858658
"635",4.64070412793502,76.0229853089894,64.6993347249206
"636",5.94500009525757,78.0252088630934,59.6941076100121
"637",8.0738981333615,71.837317165956,50.9820039576245
"638",7.69782235963466,68.4251677810058,43.400748781668
"639",5.53914654039356,78.7526553855487,63.6838003434053
"640",7.8388265957025,64.23589461724,39.5416580503915
"641",3.3510403818915,90.4169479465994,86.7309769447778
"642",6.48927260994678,75.2942313438629,64.5320498941168
"643",8.06954979227535,68.1258236836951,45.5220639118014
"644",6.01144392026631,78.9466859760957,60.9788519318323
"645",6.94539606615027,76.2142593145733,57.6956431687804
"646",4.61007054770964,78.6296565731088,71.609928662958
"647",8.27168919587166,68.8368241769565,46.9782806951664
"648",4.22441672700908,79.1445318589343,71.7820224127282
"649",6.51452405246453,82.8601399835249,68.5858872652923
"650",6.61712783124524,75.3584350733745,61.9723675362626
"651",7.09138184096012,71.4912108618209,58.9394534140197
"652",5.76476255647168,74.9791789484342,61.0109589793332
"653",9.74459572725405,60.1393506462605,26.7010450769484
"654",4.85512567632775,76.1746598515491,71.8332163596539
"655",7.38120571450688,70.7290590274007,49.9661638994494
"656",2.59033945699603,91.9727459043644,94.8842550344292
"657",7.00362371341521,69.9320697615601,55.4152329272567
"658",7.7644983568929,65.691798084718,45.4156306470422
"659",5.37291999832906,71.9910403846255,60.1964995560141
"660",8.05724946531635,70.0466249647817,38.2249406752967
"661",7.49646452499132,71.3492751268546,48.4654666535937
"662",8.46449120946456,65.296744924666,42.4928490753272
"663",5.7349901794019,74.8556475607955,59.1359623029536
"664",5.54413014270563,78.856923944942,56.9040535540491
"665",4.3427029770356,77.1283463062136,71.5136613274268
"666",6.51629448753108,68.0438054534649,47.973633572443
"667",4.99179888646825,74.2519657627435,63.8469360264974
"668",8.03223404221908,66.425910132639,40.8083214107664
"669",7.10692097837587,74.7351559454191,49.4592300454303
"670",10.2846285389188,61.7201172296209,24.5946369564375
"671",5.26343860104778,76.6856315266168,63.2833834575326
"672",8.7725320961385,70.5819288291625,40.8348877541339
"673",6.20894745758773,70.5811830456891,52.324934274486
"674",4.81505798303387,78.768496776055,67.9391666709024
"675",7.85945105573975,65.629986682417,39.0622493245817
"676",4.84993344299169,81.2371945494514,79.2584188289924
"677",5.41722247221025,71.3263382742811,61.6313324217361
"678",5.90033218386707,81.1379947327415,67.8512254446493
"679",7.31636089637695,75.5626828185753,60.8527174420914
"680",5.50161890940849,81.9041216684881,65.8253614314006
"681",8.61677548480844,65.2049310845935,39.4151926713789
"682",5.20153842623819,83.8188999854388,68.7617824342898
"683",7.32495555277707,72.6473631359018,49.0944837815287
"684",7.21463054468339,74.9768724724467,55.9493427536219
"685",5.40137486342053,79.105670031073,64.8592475757731
"686",6.35706488394733,75.7407439883469,57.0248451403157
"687",6.01573078484298,67.4837141220146,58.2967644419183
"688",8.43909149028642,64.09144239557,43.2728747867021
"689",9.33407895415333,66.7197865223993,32.1259125955418
"690",5.43880534931763,78.6498571686249,66.3026735265969
"691",8.39585861281037,61.5417360625662,38.5294924278274
"692",6.88683110348171,68.6191684149085,41.7198806545658
"693",4.04920697642356,81.5799821558818,74.5846146853492
"694",5.86614453603221,85.0229255024443,74.4365247525326
"695",7.69172374076014,68.5147450867156,46.58886309202
"696",7.21765994657181,68.5504185807418,46.2551801331531
"697",3.33653301837787,78.2835328394624,72.583854227317
"698",7.87047802817736,60.9106045364951,39.7974001680359
"699",7.98257799773012,72.9586891143659,53.8844264645914
"700",6.54323674411087,70.4221712580359,43.9410843322181
"701",5.93864765107405,82.7302209275341,66.4156259420234
"702",9.95735802171734,58.8541567052726,31.8300526442689
"703",6.86500197902838,63.2343539741261,45.8492051236914
"704",6.97897412210211,80.8560955097376,60.1528358456852
"705",5.31481459433477,74.4108217170732,58.158234409053
"706",4.98380481493569,78.039336870817,66.6409284161383
"707",4.71526634340687,81.5226104537047,75.9854540807527
"708",6.36704768442674,74.0511482305268,58.0070661684188
"709",9.04138669612147,57.7597826968159,25.7339041732776
"710",9.63069226800231,55.434890676619,18.5990422044032
"711",9.35254710152918,68.1722313068045,35.9786668257692
"712",8.94513335492162,61.3857788039937,26.845462155439
"713",6.64360562283458,76.7373309211016,69.2187862424727
"714",5.16377479647894,86.1759241629385,81.6469105276795
"715",6.50828097978989,70.8502098533541,56.0224817347146
"716",3.38132458559162,83.6471053829456,82.2061328647011
"717",6.52931068983492,65.9111471985989,46.3993412482428
"718",9.48981805696857,69.6402339037694,44.5760767877505
"719",7.19642965091128,68.1894536528642,42.0417252735352
"720",8.64383302403438,63.9128447849656,39.5366219035261
"721",7.73401143541587,63.6081350523936,40.8682414396973
"722",5.83163455682702,79.6412944099224,68.9333213669894
"723",9.61533902939403,67.9825478664792,40.5515646778817
"724",6.8824190720034,73.3798734995677,53.915718746789
"725",5.53666931121618,76.2512600594658,64.3769695591517
"726",7.10598973710785,64.8977194529963,33.2237118484313
"727",4.72210070676521,87.0744015621476,77.8318965644043
"728",8.29566854918698,69.5832755360457,46.4314847704817
"729",7.75235257804655,68.8266797811546,53.8190429451119
"730",6.46782800552952,78.9460673885956,57.0225531060516
"731",6.26735666861321,80.1246331798285,64.7128502474368
"732",8.40444092093905,64.5333682332041,37.6017570581555
"733",5.40638742036679,73.4713553272441,66.9559365821132
"734",5.52426869244342,81.7559922466494,68.1496377643735
"735",7.63637181553012,72.227357649723,49.0249971905534
"736",6.32302977917105,72.7023082196113,52.2351480163427
"737",8.38762719508585,79.0653768875915,52.0497470006974
"738",6.70206878528153,62.9952972788061,39.8502815979153
"739",8.7922765253506,64.7983415592813,35.2086613396875
"740",7.74331705777023,73.5818543328043,47.4623850231156
"741",3.63227113886054,91.4003013163435,87.5829386197854
"742",4.99694295937267,83.9156081983646,71.1957043173339
"743",8.92416280926654,64.8967499360667,41.9278503105088
"744",8.03619385626057,71.0108596041886,43.5432102688664
"745",5.54940599821254,80.0327008859807,67.1438361304064
"746",4.98130947246984,79.965184537949,68.470387933885
"747",8.5504980839736,62.2897078289046,37.3961563191526
"748",5.78233531050542,81.7356326408919,72.8937744687785
"749",9.70258821792726,59.7846478791913,24.8445614631616
"750",9.65731294056911,60.1931757682294,22.8053192375824
"751",4.81796294529641,81.7406994566502,74.2897510277928
"752",5.73151853113654,77.1199178187596,65.5813425359977
"753",5.12428051101373,71.5997421070448,59.5258297032131
"754",8.00093210185626,66.2909646971287,44.0133017619683
"755",5.06384546854355,82.1938283662664,72.688244042216
"756",3.94749469229664,89.1332776661563,79.2575920686316
"757",10.0320204917388,54.7886868009262,22.0709702802806
"758",8.50896023141826,63.3619364203126,31.0319814832393
"759",8.2256854018375,57.3245934439085,36.4865953019333
"760",6.00401757463414,79.9701240795373,66.4472184829824
"761",6.9830781531244,72.0881415011384,58.7221169047573
"762",7.92951588431469,71.4460355180922,46.4160808209764
"763",5.0781418870537,77.4346663046206,60.8038284762426
"764",6.81360801043593,73.6008727690519,48.9702561421287
"765",7.26361248175266,74.8538807293983,58.6791417325371
"766",9.53916069170907,60.9067128226204,25.7826199700228
"767",7.9631990758104,71.5418459125775,42.8061229392634
"768",8.92334954852381,66.9224853681661,38.5154492306734
"769",7.21082046032107,64.7944380536202,42.7127477230699
"770",5.33124597522915,79.9127086307391,63.9837081401149
"771",6.49048454205715,64.094133072229,36.5161577278613
"772",4.50285304110629,80.8748314063904,71.5568572879018
"773",8.39327764258041,64.2171543923442,38.6684111016918
"774",9.12524025207367,67.0032072828664,34.9810924552774
"775",6.90591883355948,73.5502594435281,53.436349580655
"776",5.52864649585319,75.4965258290996,61.0429565399307
"777",8.63072537685551,64.8482840793477,37.6342739915665
"778",7.20899053984103,71.9007780817493,53.6608564684519
"779",6.42059185348932,70.2655045288475,58.4689385233893
"780",8.68537813477002,62.5391138419606,27.8196985638112
"781",5.86023151396361,71.5882994861465,58.1602737996753
"782",8.72343865484355,58.9661704347086,29.3356356963013
"783",5.73628561159487,74.9566975011789,65.4868854938937
"784",7.58712001058915,69.5774104158107,55.5339882074456
"785",8.33706586347796,60.3791478614523,33.6624014929307
"786",4.99711193116851,81.8829589721075,73.6114060417308
"787",7.5971852167524,66.9399436770646,48.1793715209083
"788",6.83261979557676,73.913850256043,60.8375561011613
"789",8.01361587496343,68.5157405168205,48.2460133437262
"790",5.81710309693117,75.2354487293521,52.914316184205
"791",6.86952049891376,64.7422125002019,40.7681007244849
"792",9.07342601163368,57.3155706971837,25.7320995511608
"793",7.25273524571204,60.8264275732352,47.159260823403
"794",8.23478642241268,72.5090433085132,46.9024706767158
"795",6.66865810357534,71.8827035722913,53.9087061505219
"796",5.45591251792793,85.9219391717446,74.0375930948355
"797",6.98361146372931,66.2420189549569,48.6958467193802
"798",5.16251326683884,85.2775697658338,79.5643731289944
"799",3.10583291732504,91.8811468748914,95.3799415309803
"800",8.75368388798723,61.9553108425872,23.7395727450924
"801",5.36963677453386,81.3777950795943,61.1133705388527
"802",4.26087548103038,85.2820365928101,78.6399013014847
"803",8.49292271093885,65.4414135465405,41.0021176674213
"804",6.98220732785389,78.0990977983896,51.8651969518324
"805",6.10055740787259,74.479639795529,61.8058365757717
"806",6.73307802009684,81.1786428528075,58.3293020611584
"807",6.36102798729655,69.7729272674968,54.0043526684361
"808",8.49498816468261,71.2693189079647,43.7876388124923
"809",8.0914910627523,65.5380056979063,35.3783380796761
"810",4.41005410620474,83.7767816117462,83.7050261320922
"811",7.53009774346263,69.5929110754195,49.8155203843262
"812",8.09022049884934,67.1065407794625,53.1040092754717
"813",8.00239146396506,67.6381246066626,45.4981118738417
"814",3.36352403607368,90.2170595809478,87.0823519178322
"815",6.64696386247709,73.5379016075707,54.7811641572487
"816",9.96944998137694,65.5579224030037,28.5213598999904
"817",8.1951918079593,67.6732121485596,36.5702119053692
"818",4.4360857290312,82.9528832692355,67.0904083050968
"819",4.50449693217485,81.7680906525612,74.2478588540026
"820",7.73666432847332,67.3543105499341,49.8469953432538
"821",6.73891677164157,73.8759791218334,56.7357716319192
"822",8.44193584581623,70.2039482878916,41.7349572739898
"823",7.44073999251596,73.4924715837414,54.4521049871285
"824",7.12149904526376,75.498026154279,55.6448732902112
"825",7.27549276419892,77.829006026883,58.7889099362998
"826",7.24938255308699,72.4306379253789,53.2436947130077
"827",5.09560140067862,80.2404997356141,69.081555346787
"828",10.5242399809292,64.1141947013331,30.6578032584569
"829",4.881991888862,80.2157539731699,72.0904040683819
"830",6.97455776082664,68.0688939240387,41.9657349606172
"831",6.1835209710675,71.6943340211018,58.2823603440724
"832",9.70016850003312,58.581267514987,32.9750253434311
"833",8.51716026426885,60.1962276288398,33.8243593536846
"834",6.15442516614006,81.0550367482329,73.2411639407463
"835",7.30813119306254,68.3919325665765,48.7725807961515
"836",8.74819292529812,69.4831154909762,42.9227835643265
"837",10.3544842592604,68.1183892161231,30.4154011902872
"838",7.45339761425328,68.5732635663677,38.0817767562267
"839",5.43624009665346,79.7354738471612,62.9648304090126
"840",5.52468652975628,75.6000818260372,62.2564424794889
"841",10.0085778706513,71.6426037459928,32.1984557018951
"842",3.89414277421378,80.1077697450574,69.3614012410246
"843",11.5836135533228,58.3795111038308,15.2680704921895
"844",6.60797410886905,77.0465146572399,56.6150836239167
"845",6.31841011132942,78.4510247938763,71.5283313645356
"846",7.23634083319593,75.1533615776124,54.4099799742729
"847",8.40008309179789,68.8515678572283,43.650960439473
"848",7.45424241375153,72.6157906709072,52.3076743212043
"849",4.06577466629128,80.1653344938759,75.0373393086182
"850",7.53030506420405,71.6869221684521,51.6541539994236
"851",7.67563677061363,67.7986036894585,46.5475505695235
"852",7.98932630580175,79.4034353569447,57.5396782645293
"853",5.45286890858892,81.1180981785845,72.8262562988949
"854",3.44346567795778,89.588213001153,91.5449249823312
"855",6.51313553826322,65.0688493775519,47.7344668127438
"856",5.58355187363539,72.3559373771701,54.3851947106449
"857",5.85116500233535,72.688697198078,47.8183669253233
"858",5.56933109992012,75.3743721122012,60.7299763785127
"859",6.40299332521822,72.1159754380234,49.0313873072627
"860",6.53317440561459,76.4418662044465,57.5037494052795
"861",8.19413906985975,66.2742152903362,39.3328907868723
"862",8.47964251581367,64.8871178339186,38.6598688444067
"863",5.80820250637386,81.5254402114235,74.1720801088
"864",6.53677304272718,65.4171430136591,54.5249406935994
"865",7.54216714903838,69.5382033878646,50.5020623028633
"866",9.09818665725702,67.0608648480668,37.499190944127
"867",6.9158943705364,76.6352523636579,58.7446161862726
"868",4.45168976266884,81.3698304284607,73.919922565642
"869",7.34777881771195,68.8744293993199,40.7614849935606
"870",6.82136399354417,71.9856488881908,60.6753322736599
"871",9.65873928019064,59.6407281873236,31.093690010146
"872",7.5151332481654,68.2410285656107,50.3619629159629
"873",6.06542532646791,70.3230199884052,52.9725366829257
"874",6.34071655925721,73.8507539670423,59.4602042303875
"875",6.24205481568178,75.9682452845023,61.7267421429114
"876",7.27905270573621,68.6549640009787,40.9904821876429
"877",7.26462669639922,66.4881921146662,44.4929798414082
"878",8.37377231023717,59.9823690556104,34.6239322150055
"879",7.48026508927141,68.5276441170715,47.7387064175515
"880",6.44996905431802,81.0906518492704,61.3308091218102
"881",5.58908305723039,75.4096665704351,69.9948864775149
"882",7.9520543971293,65.6451390271336,48.3070603122207
"883",6.9062672765075,83.5004794293934,66.7543457328291
"884",7.27425680153769,63.0739492882754,39.1338520752656
"885",8.65546152763422,65.9482654748991,33.9205778912629
"886",9.62805342797314,64.1457814838019,25.8078729201856
"887",5.56927530979667,75.8083887908736,60.3436297296352
"888",9.46612068523043,66.8702755915662,27.1867609174926
"889",5.69989970582362,80.4221503419952,68.912866581522
"890",7.39952828829215,70.6151578784328,42.763591424679
"891",7.33355574228305,65.9963913698702,39.535947976111
"892",6.58463723516151,74.954851682824,59.7560776284114
"893",9.09137956152706,62.3513496641552,33.5249297893436
"894",6.01163200033299,72.4096709422636,61.9047805922504
"895",7.99079692076994,68.6419250042724,45.6948323556219
"896",6.98011644978505,74.3969880890416,54.2282350010435
"897",5.60277955190374,77.2722144876792,66.0185309020779
"898",8.82203371519957,68.1069356804224,32.9089226212096
"899",3.86748945173675,74.4859082445235,70.586947621866
"900",6.21077129588107,78.1108232739852,62.8131449890467
"901",4.68789614963911,78.9644382601948,73.6491223080845
"902",7.2914816048519,71.9802296460404,50.3367843769586
"903",7.39663382416148,75.0039441269037,53.4038387284221
"904",5.32189724693538,79.2706458205508,62.3201281228504
"905",7.97642943422061,68.4499886983126,45.762985154265
"906",5.450649642127,67.6767641635194,47.8025418551889
"907",7.98880224912697,63.1759076750047,39.0489939020402
"908",7.35674409944157,73.5696339176344,53.4180693640954
"909",8.07291392065678,62.0446126209234,42.3870471721681
"910",5.59227544120922,77.1813675878124,67.9210734704514
"911",7.14303101451716,72.644003966103,56.0261457613351
"912",6.30577087006549,73.3608652999459,49.6394424695984
"913",4.79667676585815,77.4083229784496,74.8342266625996
"914",7.22902975828229,65.2391886661934,42.3523064565183
"915",9.66064391697577,62.4144317169524,39.6996922841192
"916",6.02789359972743,68.2589938250212,50.4245285000294
"917",6.70027378649769,69.4979797890866,46.2813569831857
"918",8.03386559946578,67.4182524303579,45.103126853372
"919",7.05421826475489,67.9221892392497,47.6026936571944
"920",9.91530446837928,59.6871864310694,30.1501426971446
"921",8.10582060068481,71.017453817038,43.5804436192045
"922",10.4820008995331,58.144391501777,16.9635028172712
"923",7.52336401944095,70.4555937455822,50.8814758421454
"924",5.29912500808612,85.1990442526474,72.7036135181637
"925",7.63200290185648,69.0267849978523,50.1822232518774
"926",5.61316561477872,78.6891610351496,68.1947098939812
"927",5.489406450821,70.1067346124491,56.749323742823
"928",6.71578850484458,73.2598068530512,55.3846624263212
"929",8.4008750502679,63.3564802538796,37.8265842396444
"930",7.51586499936697,65.040487132469,37.7853643685698
"931",8.22103041469533,71.1253449513442,42.7024627384674
"932",8.3730115034209,66.421788294881,40.7460898220484
"933",6.74222180436661,76.8123981396705,65.5110824055438
"934",3.39665332958641,82.7794218168655,84.0230097989224
"935",8.19386027759625,57.615749982108,33.5991984260809
"936",10.2536738040397,59.6370569739486,27.0746933279779
"937",7.08757524918953,75.4225347257801,56.8178980603965
"938",4.96762832570847,90.3079061380905,77.8619910757829
"939",6.44867385166893,77.7540683272977,65.3739169282125
"940",5.59822363126713,81.8488525408751,64.5117009371085
"941",6.93754116989258,69.7868437644262,46.1987230671264
"942",8.01416800833496,69.3547474923263,45.5360127015485
"943",8.29965422020831,64.9000706059329,45.1679314705412
"944",7.35276253721997,72.2771753303748,48.2238125454378
"945",5.59904480008535,72.869584182773,64.0794125931847
"946",8.2198782509224,65.585488662342,38.7610782982594
"947",9.02247783269507,58.0714254464483,29.9016244262886
"948",10.3778241638966,58.6717962422733,16.0389441435799
"949",6.25952134830112,76.7717390621201,56.2263680916153
"950",7.71113889872874,69.3857078865909,53.4004399569247
"951",8.79053749917114,62.2830745907207,33.4283498807405
"952",6.82540679271683,71.7436475559109,52.8880284909934
"953",7.78728783365272,62.2792381791137,28.0531329238374
"954",7.32163222191763,69.823172828503,53.0962019123155
"955",6.79832569819471,65.7044234042857,46.1779991105578
"956",7.25276365431255,70.9270817716101,51.4817557590262
"957",8.447099154295,73.2157908806556,47.4270166879325
"958",7.61316837100659,72.3641525381735,50.8639778388817
"959",6.30034267723824,80.7227065879157,62.6128810894437
"960",3.64032553626735,90.8502495035675,95.1886123296457
"961",5.80740522231275,75.4505477680782,61.9566784916768
"962",6.97006732398455,73.5737256661149,53.0468326084443
"963",3.22836231705353,79.7758997993304,85.1213899513731
"964",10.316428047546,62.309398786026,24.2351971396154
"965",4.76685665513084,78.0560736424429,63.8359342588534
"966",5.25887218657115,82.7265493330211,63.0774654435272
"967",9.18660733743359,55.7689402864901,24.4294302295685
"968",3.71518607692001,89.7272665610419,83.7737521732322
"969",8.10859402169256,65.5536595337469,39.1471171247883
"970",6.48398684718586,79.7676460845847,62.6487518425077
"971",7.68381511226754,69.1873797286464,54.4360057284999
"972",8.31716539381719,64.1790435190524,40.1748364115725
"973",5.56230411563151,79.7438675390422,66.143016357953
"974",5.94123273137708,76.002082133729,66.3906288045366
"975",2.50457604515833,87.4768287082659,88.7245915816872
"976",5.55842151393273,74.1878309012238,63.48380943901
"977",7.57028238087506,79.3591113362794,61.1582308362162
"978",7.75760138437305,65.1710054602192,41.011603016202
"979",10.0405840056996,62.0742699794816,19.2635572224929
"980",7.09694054310944,70.7665790688439,48.3088115468829
"981",7.6954879726028,65.1466289023587,49.1239585877873
"982",7.11216749904032,65.9905660469297,44.5784925681499
"983",6.26974564624684,68.9665001784734,57.1644120321709
"984",8.12336623129391,61.8823565407221,38.0364831868407
"985",7.69635187133446,63.2296505858073,40.0275091502221
"986",7.19413068759021,73.9680609460474,42.4938749585922
"987",5.77680902258458,75.9457173869384,64.9273276097991
"988",6.93977432239686,80.2374724272444,58.1201539266164
"989",8.17212546652037,69.8444528655007,42.5014875422027
"990",8.01467912119394,74.5340737028554,47.3260046481261
"991",6.27602121164808,76.9067897269664,67.7754298079655
"992",5.99632979805474,79.3965504572058,59.6296651871475
"993",7.76920198288339,70.7921816513834,36.1791009159646
"994",8.57336489343024,64.0983201714925,38.417549126869
"995",7.18158724465441,74.967757834396,57.1355272474982
"996",6.5300606719307,73.8475347494301,55.4502001927723
"997",5.67899390498282,81.4191613305257,67.1067527839364
"998",6.37106966309172,71.3192134207263,60.9846076439005
"999",4.7758724829673,84.9134421519441,67.3753939732411
"1000",5.95402270089982,74.93601577163,55.8547981172741
